code,nom,population
DE,Allemagne,83600000
FR,France,68600000
IT,Italie,58900000
ES,Espagne,49100000
PL,Pologne,36500000
RO,Roumanie,19000000
NL,Pays-Bas,18100000
BE,Belgique,11900000
CZ,Tchéquie,10900000
SE,Suède,10600000
PT,Portugal,10600000
EL,Grèce,10400000
HU,Hongrie,9600000
AT,Autriche,9200000
BG,Bulgarie,6400000
DK,Danemark,6000000
FI,Finlande,5600000
SK,Slovaquie,5400000
IE,Irlande,5400000
HR,Croatie,3900000
LT,Lituanie,2900000
SI,Slovénie,2100000
LV,Lettonie,1900000
EE,Estonie,1400000
CY,Chypre,970000
LU,Luxembourg,680000
MT,Malte,570000
